Ticker,Company Name,2023-03-16,2023-03-17,2023-03-18,2023-03-19,2023-03-20,2023-03-21,2023-03-22,2023-03-23,2023-03-24,2023-03-25,2023-03-26,2023-03-27,2023-03-28,2023-03-29,2023-03-30,2023-03-31,2023-04-01,2023-04-02,2023-04-03,2023-04-04,2023-04-05,2023-04-06,2023-04-07,2023-04-08,2023-04-09,2023-04-10,2023-04-11,2023-04-12,2023-04-13,2023-04-14,2023-04-15,2023-04-16,2023-04-17,2023-04-18,2023-04-19,2023-04-20,2023-04-21,2023-04-22,2023-04-23,2023-04-24,2023-04-25,2023-04-26,2023-04-27,2023-04-28,2023-04-29,2023-04-30,2023-05-01,2023-05-02,2023-05-03,2023-05-04,2023-05-05,2023-05-06,2023-05-07,2023-05-08,2023-05-09,2023-05-10,2023-05-11,2023-05-12,2023-05-13,2023-05-14,2023-05-15,2023-05-16,2023-05-17,2023-05-18,2023-05-19,2023-05-20,2023-05-21,2023-05-22,2023-05-23,2023-05-24,2023-05-25,2023-05-26,2023-05-27,2023-05-28,2023-05-29,2023-05-30,2023-05-31,2023-06-01,2023-06-02,2023-06-03,2023-06-04,2023-06-05,2023-06-06,2023-06-07,2023-06-08,2023-06-09,2023-06-10,2023-06-11,2023-06-12,2023-06-13,2023-06-14,Percent Growth,abs_growth
CCL,Carnival Corporation & plc,8.550000190734863,8.550000190734863,8.550000190734863,8.550000190734863,8.609999656677246,9.119999885559082,8.989999771118164,9.220000267028809,9.229999542236328,9.229999542236328,9.229999542236328,8.789999961853027,9.329999923706055,9.890000343322754,10.15999984741211,10.149999618530273,10.149999618530273,10.149999618530273,9.970000267028809,9.850000381469727,9.65999984741211,9.729999542236328,9.729999542236328,9.729999542236328,9.729999542236328,9.869999885559082,10.039999961853027,9.619999885559082,9.770000457763672,9.600000381469727,9.600000381469727,9.600000381469727,9.75,9.84000015258789,9.800000190734863,9.329999923706055,9.380000114440918,9.380000114440918,9.380000114440918,9.279999732971191,8.960000038146973,8.760000228881836,8.899999618530273,9.210000038146973,9.210000038146973,9.210000038146973,9.489999771118164,9.449999809265137,9.430000305175781,9.390000343322754,10.010000228881836,10.010000228881836,10.010000228881836,10.609999656677246,10.649999618530273,10.489999771118164,10.239999771118164,9.829999923706055,9.829999923706055,9.829999923706055,10.3100004196167,10.359999656677246,11.039999961853027,11.279999732971191,10.9399995803833,10.9399995803833,10.9399995803833,11.220000267028809,11.039999961853027,10.670000076293945,11.0,11.279999732971191,11.279999732971191,11.279999732971191,11.279999732971191,11.380000114440918,11.229999542236328,11.850000381469727,12.180000305175781,12.180000305175781,12.180000305175781,12.300000190734863,12.770000457763672,13.029999732971191,12.75,13.09000015258789,13.09000015258789,13.09000015258789,14.720000267028809,15.34000015258789,15.600000381469727,82.4561407422486,82.4561407422486
NVDA,NVIDIA Corporation,257.223388671875,257.223388671875,257.223388671875,257.223388671875,258.97320556640625,261.962890625,264.6526184082031,271.8818664550781,267.7622985839844,267.7622985839844,267.7622985839844,265.28253173828125,264.07269287109375,269.81207275390625,273.8016662597656,277.7412414550781,277.7412414550781,277.7412414550781,279.6210632324219,274.5015869140625,268.7821960449219,270.3420104980469,270.3420104980469,270.3420104980469,270.3420104980469,275.761474609375,271.6618957519531,264.922607421875,264.6026306152344,267.55230712890625,267.55230712890625,267.55230712890625,269.9920349121094,276.6413879394531,279.2810974121094,271.011962890625,271.16192626953125,271.16192626953125,271.16192626953125,270.39202880859375,262.3828430175781,269.5321044921875,272.2318420410156,277.4612731933594,277.4612731933594,277.4612731933594,289.0700988769531,282.0708312988281,277.9912109375,275.5914611816406,286.77032470703125,286.77032470703125,286.77032470703125,291.4798583984375,285.680419921875,288.82012939453125,285.75042724609375,283.37066650390625,283.37066650390625,283.37066650390625,289.5000305175781,292.0997619628906,301.748779296875,316.7472229003906,312.607666015625,312.607666015625,312.607666015625,311.7277526855469,306.8482360839844,305.3484191894531,379.76068115234375,389.419677734375,389.419677734375,389.419677734375,389.419677734375,401.0684814453125,378.30084228515625,397.65887451171875,393.22930908203125,393.22930908203125,393.22930908203125,391.6694641113281,386.5,374.75,385.1000061035156,387.70001220703125,387.70001220703125,387.70001220703125,394.82000732421875,410.2200012207031,429.9700012207031,67.15820572956956,67.15820572956956
NCLH,Norwegian Cruise Line Holdings Ltd.,12.579999923706055,12.579999923706055,12.579999923706055,12.579999923706055,12.369999885559082,12.880000114440918,12.470000267028809,12.569999694824219,12.520000457763672,12.520000457763672,12.520000457763672,12.199999809265137,12.449999809265137,13.15999984741211,13.270000457763672,13.449999809265137,13.449999809265137,13.449999809265137,13.350000381469727,13.239999771118164,12.920000076293945,13.079999923706055,13.079999923706055,13.079999923706055,13.079999923706055,13.350000381469727,13.539999961853027,12.729999542236328,12.869999885559082,12.640000343322754,12.640000343322754,12.640000343322754,12.949999809265137,13.109999656677246,13.180000305175781,12.640000343322754,13.039999961853027,13.039999961853027,13.039999961853027,13.050000190734863,12.729999542236328,12.460000038146973,12.829999923706055,13.350000381469727,13.350000381469727,13.350000381469727,14.539999961853027,14.369999885559082,14.140000343322754,13.75,14.130000114440918,14.130000114440918,14.130000114440918,14.260000228881836,14.109999656677246,14.079999923706055,13.65999984741211,13.239999771118164,13.239999771118164,13.239999771118164,13.710000038146973,13.479999542236328,14.350000381469727,14.529999732971191,14.149999618530273,14.149999618530273,14.149999618530273,14.329999923706055,14.470000267028809,14.229999542236328,14.479999542236328,14.479999542236328,14.479999542236328,14.479999542236328,14.479999542236328,14.819999694824219,14.850000381469727,15.510000228881836,15.779999732971191,15.779999732971191,15.779999732971191,16.18000030517578,16.75,17.020000457763672,16.809999465942383,17.170000076293945,17.170000076293945,17.170000076293945,18.40999984741211,19.469999313354492,19.299999237060547,53.41811887209287,53.41811887209287
RCL,Royal Caribbean Cruises Ltd.,61.880001068115234,61.880001068115234,61.880001068115234,61.880001068115234,61.349998474121094,63.38999938964844,60.75,61.75,60.849998474121094,60.849998474121094,60.849998474121094,60.4900016784668,61.869998931884766,64.1500015258789,64.72000122070312,65.30000305175781,65.30000305175781,65.30000305175781,64.25,63.79999923706055,61.9900016784668,61.279998779296875,61.279998779296875,61.279998779296875,61.279998779296875,62.349998474121094,63.439998626708984,61.58000183105469,61.90999984741211,61.95000076293945,61.95000076293945,61.95000076293945,63.15999984741211,64.44999694824219,64.47000122070312,62.22999954223633,63.02000045776367,63.02000045776367,63.02000045776367,62.40999984741211,60.38999938964844,59.560001373291016,61.65999984741211,65.43000030517578,65.43000030517578,65.43000030517578,66.9800033569336,67.80999755859375,67.08000183105469,71.87999725341797,75.61000061035156,75.61000061035156,75.61000061035156,78.3499984741211,76.95999908447266,77.16000366210938,76.3499984741211,75.11000061035156,75.11000061035156,75.11000061035156,76.12000274658203,76.45999908447266,79.58999633789062,80.12999725341797,79.5999984741211,79.5999984741211,79.5999984741211,80.33000183105469,78.8499984741211,77.26000213623047,77.9000015258789,79.0,79.0,79.0,79.0,80.26000213623047,80.97000122070312,83.2300033569336,86.2300033569336,86.2300033569336,86.2300033569336,87.5999984741211,90.72000122070312,91.01000213623047,90.23999786376953,91.22000122070312,91.22000122070312,91.22000122070312,93.55999755859375,95.80000305175781,94.72000122070312,53.07045828334558,53.07045828334558
NFLX,"Netflix, Inc.",303.5,303.5,303.5,303.5,305.1300048828125,305.7900085449219,293.8999938964844,320.3699951171875,328.3900146484375,328.3900146484375,328.3900146484375,327.6600036621094,323.5199890136719,332.0299987792969,338.42999267578125,345.4800109863281,345.4800109863281,345.4800109863281,348.2799987792969,346.75,342.3500061035156,339.3299865722656,339.3299865722656,339.3299865722656,339.3299865722656,338.989990234375,338.2099914550781,331.0299987792969,346.19000244140625,338.6300048828125,338.6300048828125,338.6300048828125,332.7200012207031,333.70001220703125,323.1199951171875,325.3500061035156,327.9800109863281,327.9800109863281,327.9800109863281,329.0199890136719,322.54998779296875,321.1499938964844,325.8500061035156,329.92999267578125,329.92999267578125,329.92999267578125,324.1199951171875,317.54998779296875,319.29998779296875,320.7799987792969,322.760009765625,322.760009765625,322.760009765625,331.2099914550781,332.1400146484375,335.4200134277344,344.760009765625,339.8900146484375,339.8900146484375,339.8900146484375,335.8900146484375,333.75,339.9599914550781,371.2900085449219,365.3599853515625,365.3599853515625,365.3599853515625,363.010009765625,355.989990234375,364.8500061035156,359.0,378.8800048828125,378.8800048828125,378.8800048828125,378.8800048828125,392.9800109863281,395.2300109863281,403.1300048828125,400.4700012207031,400.4700012207031,400.4700012207031,403.5400085449219,399.2900085449219,399.7699890136719,409.3699951171875,420.0199890136719,420.0199890136719,420.0199890136719,423.9700012207031,435.7300109863281,440.8599853515625,45.25864426740115,45.25864426740115
ORCL,Oracle Corporation,84.90445709228516,84.90445709228516,84.90445709228516,84.90445709228516,86.59736633300781,87.21478271484375,87.533447265625,87.41394805908203,87.64299011230469,87.64299011230469,87.64299011230469,89.76410675048828,89.47531127929688,90.24210357666016,90.132568359375,92.53250885009766,92.53250885009766,92.53250885009766,93.5283432006836,93.6080093383789,94.49429321289062,95.5199966430664,95.5199966430664,95.5199966430664,95.5199966430664,93.76000213623047,93.97000122070312,93.9000015258789,95.55000305175781,95.70999908447266,95.70999908447266,95.70999908447266,95.58999633789062,96.47000122070312,95.80999755859375,94.83000183105469,95.1500015258789,95.1500015258789,95.1500015258789,95.44000244140625,94.05999755859375,93.70999908447266,95.04000091552734,94.72000122070312,94.72000122070312,94.72000122070312,94.87000274658203,94.80000305175781,94.77999877929688,94.97000122070312,96.97000122070312,96.97000122070312,96.97000122070312,96.79000091552734,96.13999938964844,97.5199966430664,97.44000244140625,97.8499984741211,97.8499984741211,97.8499984741211,97.26000213623047,98.25,99.7699966430664,102.33999633789062,102.83999633789062,102.83999633789062,102.83999633789062,101.7699966430664,98.54000091552734,98.31999969482422,104.29000091552734,104.08000183105469,104.08000183105469,104.08000183105469,104.08000183105469,105.1500015258789,105.94000244140625,105.98999786376953,105.88999938964844,105.88999938964844,105.88999938964844,106.93000030517578,107.0999984741211,105.25,107.4800033569336,109.8499984741211,109.8499984741211,109.8499984741211,116.43000030517578,116.68000030517578,122.2699966430664,44.0089258331486,44.0089258331486
TSLA,"Tesla, Inc.",180.1300048828125,180.1300048828125,180.1300048828125,180.1300048828125,183.25,197.5800018310547,191.14999389648438,192.22000122070312,190.41000366210938,190.41000366210938,190.41000366210938,191.80999755859375,189.19000244140625,193.8800048828125,195.27999877929688,207.4600067138672,207.4600067138672,207.4600067138672,194.77000427246094,192.5800018310547,185.52000427246094,185.05999755859375,185.05999755859375,185.05999755859375,185.05999755859375,184.50999450683594,186.7899932861328,180.5399932861328,185.89999389648438,185.0,185.0,185.0,187.0399932861328,184.30999755859375,180.58999633789062,162.99000549316406,165.0800018310547,165.0800018310547,165.0800018310547,162.5500030517578,160.6699981689453,153.75,160.19000244140625,164.30999755859375,164.30999755859375,164.30999755859375,161.8300018310547,160.30999755859375,160.61000061035156,161.1999969482422,170.05999755859375,170.05999755859375,170.05999755859375,171.7899932861328,169.14999389648438,168.5399932861328,172.0800018310547,167.97999572753906,167.97999572753906,167.97999572753906,166.35000610351562,166.52000427246094,173.86000061035156,176.88999938964844,180.13999938964844,180.13999938964844,180.13999938964844,188.8699951171875,185.77000427246094,182.89999389648438,184.47000122070312,193.1699981689453,193.1699981689453,193.1699981689453,193.1699981689453,201.16000366210938,203.92999267578125,207.52000427246094,213.97000122070312,213.97000122070312,213.97000122070312,217.61000061035156,221.30999755859375,224.57000732421875,234.86000061035156,244.39999389648438,244.39999389648438,244.39999389648438,249.8300018310547,258.7099914550781,256.7900085449219,42.558153324862346,42.558153324862346
KMX,"CarMax, Inc.",56.2599983215332,56.2599983215332,56.2599983215332,56.2599983215332,56.7599983215332,59.119998931884766,57.459999084472656,56.72999954223633,57.779998779296875,57.779998779296875,57.779998779296875,58.27000045776367,58.27000045776367,59.529998779296875,61.099998474121094,64.27999877929688,64.27999877929688,64.27999877929688,64.58000183105469,63.5,62.439998626708984,64.33000183105469,64.33000183105469,64.33000183105469,64.33000183105469,65.86000061035156,72.20999908447266,68.58000183105469,69.01000213623047,69.45999908447266,69.45999908447266,69.45999908447266,69.5999984741211,69.06999969482422,68.12000274658203,67.44999694824219,69.16000366210938,69.16000366210938,69.16000366210938,68.87999725341797,67.36000061035156,67.91999816894531,70.4000015258789,70.02999877929688,70.02999877929688,70.02999877929688,70.4800033569336,71.33000183105469,70.66999816894531,68.06999969482422,70.61000061035156,70.61000061035156,70.61000061035156,72.75,72.52999877929688,73.41000366210938,72.2699966430664,71.16000366210938,71.16000366210938,71.16000366210938,71.69999694824219,69.05999755859375,71.94999694824219,73.12999725341797,71.75,71.75,71.75,72.20999908447266,71.9800033569336,70.1500015258789,71.0199966430664,72.4800033569336,72.4800033569336,72.4800033569336,72.4800033569336,73.95999908447266,72.20999908447266,71.80999755859375,74.66000366210938,74.66000366210938,74.66000366210938,75.26000213623047,79.08000183105469,79.12999725341797,79.88999938964844,78.80999755859375,78.80999755859375,78.80999755859375,79.52999877929688,80.61000061035156,79.69999694824219,41.663703032386074,41.663703032386074
AVGO,Broadcom Inc.,626.4609985351562,626.4609985351562,626.4609985351562,626.4609985351562,639.1100463867188,636.75,630.9199829101562,639.22998046875,636.1699829101562,636.1699829101562,636.1699829101562,626.8400268554688,624.7000122070312,625.5,633.75,641.5399780273438,641.5399780273438,641.5399780273438,642.469970703125,634.4099731445312,629.010009765625,622.6400146484375,622.6400146484375,622.6400146484375,622.6400146484375,627.3900146484375,621.5700073242188,616.7000122070312,624.239990234375,619.5399780273438,619.5399780273438,619.5399780273438,627.3599853515625,632.3200073242188,634.5,633.02001953125,632.9000244140625,632.9000244140625,632.9000244140625,634.5399780273438,622.02001953125,616.1900024414062,618.4099731445312,626.5,626.5,626.5,637.9500122070312,612.3400268554688,613.2000122070312,610.1599731445312,630.1199951171875,630.1199951171875,630.1199951171875,629.0599975585938,618.510009765625,626.27001953125,627.6699829101562,631.1500244140625,631.1500244140625,631.1500244140625,639.7999877929688,641.4400024414062,657.469970703125,677.9000244140625,682.25,682.25,682.25,678.3699951171875,686.5,679.530029296875,728.7999877929688,812.72998046875,812.72998046875,812.72998046875,812.72998046875,803.3400268554688,807.9600219726562,789.9500122070312,812.0,812.0,812.0,802.2999877929688,790.0,792.6300048828125,804.2000122070312,804.6199951171875,804.6199951171875,804.6199951171875,855.3599853515625,851.1199951171875,886.1799926757812,41.45812664282721,41.45812664282721
AAP,"Advance Auto Parts, Inc.",117.92398834228516,117.92398834228516,117.92398834228516,117.92398834228516,117.21288299560547,118.30916595458984,112.1956787109375,109.7660903930664,109.45993041992188,109.45993041992188,109.45993041992188,113.32158660888672,114.3092269897461,116.09685516357422,117.14375305175781,120.1066665649414,120.1066665649414,120.1066665649414,121.1733169555664,119.83999633789062,118.72396850585938,119.19803619384766,119.19803619384766,119.19803619384766,119.19803619384766,118.90174865722656,120.66961669921875,119.83999633789062,123.25,123.5999984741211,123.5999984741211,123.5999984741211,126.87000274658203,126.6500015258789,128.11000061035156,128.3699951171875,128.2100067138672,128.2100067138672,128.2100067138672,126.83000183105469,123.77999877929688,122.33000183105469,124.9000015258789,125.52999877929688,125.52999877929688,125.52999877929688,125.47000122070312,124.12000274658203,123.80000305175781,120.23999786376953,123.7699966430664,123.7699966430664,123.7699966430664,125.75,125.5199966430664,125.80000305175781,124.16999816894531,122.86000061035156,122.86000061035156,122.86000061035156,121.94999694824219,117.33999633789062,122.0999984741211,121.4800033569336,117.41000366210938,117.41000366210938,117.41000366210938,119.44000244140625,116.77999877929688,115.2300033569336,111.62000274658203,112.1500015258789,112.1500015258789,112.1500015258789,112.1500015258789,112.19999694824219,72.88999938964844,68.02999877929688,67.55999755859375,67.55999755859375,67.55999755859375,65.58999633789062,66.06999969482422,65.54000091552734,64.73999786376953,63.58000183105469,63.58000183105469,63.58000183105469,66.88999938964844,68.66000366210938,70.19999694824219,-40.47013000910359,40.47013000910359
META,"Meta Platforms, Inc.",195.61000061035156,195.61000061035156,195.61000061035156,195.61000061035156,197.80999755859375,202.16000366210938,199.80999755859375,204.27999877929688,206.00999450683594,206.00999450683594,206.00999450683594,202.83999633789062,200.67999267578125,205.35000610351562,207.83999633789062,211.94000244140625,211.94000244140625,211.94000244140625,213.07000732421875,214.72000122070312,211.47999572753906,216.10000610351562,216.10000610351562,216.10000610351562,216.10000610351562,214.75,213.85000610351562,214.0,220.35000610351562,221.49000549316406,221.49000549316406,221.49000549316406,218.86000061035156,217.88999938964844,215.6999969482422,213.07000732421875,212.88999938964844,212.88999938964844,212.88999938964844,212.7899932861328,207.5500030517578,209.39999389648438,238.55999755859375,240.32000732421875,240.32000732421875,240.32000732421875,243.17999267578125,239.24000549316406,237.02999877929688,233.52000427246094,232.77999877929688,232.77999877929688,232.77999877929688,233.27000427246094,233.3699951171875,233.0800018310547,235.7899932861328,233.80999755859375,233.80999755859375,233.80999755859375,238.86000061035156,238.82000732421875,242.49000549316406,246.85000610351562,245.63999938964844,245.63999938964844,245.63999938964844,248.32000732421875,246.74000549316406,249.2100067138672,252.69000244140625,262.0400085449219,262.0400085449219,262.0400085449219,262.0400085449219,262.5199890136719,264.7200012207031,272.6099853515625,272.6099853515625,272.6099853515625,272.6099853515625,271.3900146484375,271.1199951171875,263.6000061035156,264.5799865722656,264.95001220703125,264.95001220703125,264.95001220703125,271.04998779296875,271.32000732421875,273.3500061035156,39.7423471451337,39.7423471451337
CTLT,"Catalent, Inc.",67.11000061035156,67.11000061035156,67.11000061035156,67.11000061035156,66.9800033569336,66.77999877929688,64.6500015258789,62.63999938964844,64.2699966430664,64.2699966430664,64.2699966430664,67.51000213623047,65.91999816894531,66.91000366210938,64.66999816894531,65.70999908447266,65.70999908447266,65.70999908447266,62.91999816894531,62.25,61.619998931884766,64.94999694824219,64.94999694824219,64.94999694824219,64.94999694824219,67.26000213623047,65.44000244140625,64.25,63.310001373291016,46.31999969482422,46.31999969482422,46.31999969482422,45.43000030517578,42.08000183105469,43.06999969482422,44.400001525878906,45.029998779296875,45.029998779296875,45.029998779296875,44.939998626708984,42.36000061035156,43.72999954223633,46.95000076293945,50.119998931884766,50.119998931884766,50.119998931884766,50.119998931884766,48.720001220703125,48.84000015258789,49.22999954223633,47.75,47.75,47.75,35.459999084472656,35.040000915527344,33.59000015258789,34.189998626708984,32.86000061035156,32.86000061035156,32.86000061035156,33.189998626708984,31.860000610351562,32.119998931884766,32.13999938964844,37.16999816894531,37.16999816894531,37.16999816894531,37.5099983215332,38.130001068115234,37.439998626708984,36.880001068115234,37.119998931884766,37.119998931884766,37.119998931884766,37.119998931884766,36.41999816894531,37.22999954223633,37.0,37.720001220703125,37.720001220703125,37.720001220703125,37.79999923706055,38.81999969482422,39.959999084472656,39.0,38.810001373291016,38.810001373291016,38.810001373291016,42.779998779296875,43.849998474121094,42.09000015258789,-37.282074549563326,37.282074549563326
LLY,Eli Lilly and Company,328.3259582519531,328.3259582519531,328.3259582519531,328.3259582519531,332.7344970703125,330.2210388183594,330.111328125,331.7770080566406,335.2579345703125,335.2579345703125,335.2579345703125,333.7319030761719,336.77398681640625,334.99859619140625,339.8061218261719,342.529052734375,342.529052734375,342.529052734375,349.83001708984375,353.699951171875,361.3002014160156,367.3345031738281,367.3345031738281,367.3345031738281,367.3345031738281,366.0478515625,363.0955505371094,368.092529296875,374.17669677734375,373.7578125,373.7578125,373.7578125,371.38397216796875,368.9503173828125,369.50885009765625,373.83758544921875,384.2405090332031,384.2405090332031,384.2405090332031,382.3554382324219,383.841552734375,375.2937927246094,389.3372802734375,394.83294677734375,394.83294677734375,394.83294677734375,404.7571716308594,403.1513366699219,430.0713195800781,427.3284606933594,426.7000732421875,426.7000732421875,426.7000732421875,431.59735107421875,427.26861572265625,434.7890625,434.41998291015625,434.42999267578125,434.42999267578125,434.42999267578125,434.510009765625,436.6499938964844,437.4700012207031,437.8900146484375,442.3800048828125,442.3800048828125,442.3800048828125,433.989990234375,423.2099914550781,425.7699890136719,427.30999755859375,425.7900085449219,425.7900085449219,425.7900085449219,425.7900085449219,427.239990234375,429.4599914550781,436.489990234375,442.3299865722656,442.3299865722656,442.3299865722656,444.260009765625,443.07000732421875,436.3699951171875,445.6600036621094,446.0400085449219,446.0400085449219,446.0400085449219,445.30999755859375,445.7200012207031,447.7200012207031,36.36448473474904,36.36448473474904
TAP,Molson Coors Beverage Company,49.57915115356445,49.57915115356445,49.57915115356445,49.57915115356445,50.52285385131836,50.5725212097168,49.65862274169922,49.23147201538086,50.363914489746094,50.363914489746094,50.363914489746094,50.741397857666016,51.05927276611328,51.605628967285156,51.34735107421875,51.33741760253906,51.33741760253906,51.33741760253906,51.774497985839844,51.5956916809082,52.151981353759766,51.80430221557617,51.80430221557617,51.80430221557617,51.80430221557617,52.797672271728516,53.69170379638672,53.910247802734375,55.85725402832031,55.688385009765625,55.688385009765625,55.688385009765625,56.6022834777832,56.94002914428711,57.04930114746094,57.31751251220703,57.93339920043945,57.93339920043945,57.93339920043945,57.90359878540039,58.32081604003906,58.738033294677734,58.69829559326172,59.08571243286133,59.08571243286133,59.08571243286133,60.04928207397461,64.64859008789062,64.52938079833984,64.57905578613281,64.45984649658203,64.45984649658203,64.45984649658203,64.04263305664062,64.09230041503906,64.01283264160156,63.575748443603516,63.824092864990234,63.824092864990234,63.824092864990234,63.27773666381836,62.7711181640625,61.71814727783203,61.46980285644531,62.19496154785156,62.19496154785156,62.19496154785156,62.0360221862793,61.211524963378906,60.50623321533203,60.327423095703125,60.23802185058594,60.23802185058594,60.23802185058594,60.23802185058594,59.99961471557617,61.439998626708984,62.33000183105469,63.869998931884766,63.869998931884766,63.869998931884766,63.810001373291016,65.13999938964844,66.1500015258789,66.4000015258789,66.45999908447266,66.45999908447266,66.45999908447266,67.0999984741211,67.75,67.44999694824219,36.045082214750515,36.045082214750515
ISRG,"Intuitive Surgical, Inc.",237.8000030517578,237.8000030517578,237.8000030517578,237.8000030517578,240.5,246.67999267578125,240.80999755859375,244.47000122070312,256.4200134277344,256.4200134277344,256.4200134277344,252.57000732421875,249.49000549316406,250.75999450683594,251.3000030517578,255.47000122070312,255.47000122070312,255.47000122070312,253.52999877929688,254.7100067138672,257.989990234375,256.8999938964844,256.8999938964844,256.8999938964844,256.8999938964844,258.94000244140625,262.7699890136719,261.7699890136719,266.55999755859375,267.0199890136719,267.0199890136719,267.0199890136719,268.8900146484375,269.2799987792969,298.57000732421875,297.4100036621094,300.2200012207031,300.2200012207031,300.2200012207031,300.4599914550781,294.9700012207031,294.9599914550781,295.9200134277344,301.2200012207031,301.2200012207031,301.2200012207031,303.0199890136719,301.2200012207031,305.05999755859375,303.2099914550781,304.8800048828125,304.8800048828125,304.8800048828125,303.0899963378906,301.54998779296875,302.5899963378906,303.4700012207031,305.2699890136719,305.2699890136719,305.2699890136719,308.04998779296875,306.6099853515625,308.2200012207031,312.2300109863281,313.6099853515625,313.6099853515625,313.6099853515625,313.6199951171875,301.44000244140625,302.4800109863281,303.7699890136719,306.8999938964844,306.8999938964844,306.8999938964844,306.8999938964844,307.07000732421875,307.8399963378906,310.5400085449219,312.17999267578125,312.17999267578125,312.17999267578125,317.489990234375,315.7200012207031,307.239990234375,310.82000732421875,312.760009765625,312.760009765625,312.760009765625,313.6400146484375,315.45001220703125,323.07000732421875,35.85786508753816,35.85786508753816
ADBE,Adobe Inc.,358.1400146484375,358.1400146484375,358.1400146484375,358.1400146484375,362.8800048828125,374.2200012207031,361.7099914550781,369.0,374.9599914550781,374.9599914550781,374.9599914550781,373.1499938964844,373.3999938964844,379.1600036621094,381.8999938964844,385.3699951171875,385.3699951171875,385.3699951171875,380.0799865722656,385.1499938964844,382.0199890136719,380.6000061035156,380.6000061035156,380.6000061035156,380.6000061035156,376.25,371.1099853515625,369.8900146484375,378.79998779296875,379.3800048828125,379.3800048828125,379.3800048828125,377.9200134277344,377.54998779296875,380.1099853515625,380.260009765625,377.6700134277344,377.6700134277344,377.6700134277344,377.3399963378906,369.5899963378906,363.05999755859375,371.4200134277344,377.55999755859375,377.55999755859375,377.55999755859375,374.1499938964844,368.6600036621094,345.25,335.8299865722656,348.3999938964844,348.3999938964844,348.3999938964844,344.05999755859375,342.6499938964844,344.0199890136719,341.5799865722656,335.45001220703125,335.45001220703125,335.45001220703125,345.6700134277344,345.1099853515625,356.6300048828125,360.42999267578125,371.25,371.25,371.25,372.04998779296875,370.4200134277344,365.760009765625,392.05999755859375,415.3900146484375,415.3900146484375,415.3900146484375,415.3900146484375,417.2099914550781,417.7900085449219,426.75,436.3699951171875,436.3699951171875,436.3699951171875,434.17999267578125,432.8900146484375,418.32000732421875,439.0299987792969,454.0,454.0,454.0,474.6300048828125,478.989990234375,479.5299987792969,33.89456055336903,33.89456055336903
MLM,"Martin Marietta Materials, Inc.",320.06866455078125,320.06866455078125,320.06866455078125,320.06866455078125,324.3116149902344,334.60455322265625,327.8157958984375,332.8973693847656,336.2717590332031,336.2717590332031,336.2717590332031,338.4980773925781,345.5263977050781,350.6578674316406,349.91912841796875,354.4715576171875,354.4715576171875,354.4715576171875,355.4100036621094,346.9739990234375,336.5013732910156,338.0288391113281,338.0288391113281,338.0288391113281,338.0288391113281,339.9157409667969,345.6262512207031,345.4864807128906,348.1520690917969,348.62127685546875,348.62127685546875,348.62127685546875,353.0039978027344,352.8642272949219,356.2086486816406,355.9091796875,354.0023193359375,354.0023193359375,354.0023193359375,355.52978515625,351.9357604980469,343.9490051269531,357.45660400390625,362.59808349609375,362.59808349609375,362.59808349609375,366.7611389160156,371.2337341308594,367.9391784667969,388.6348571777344,397.0009460449219,397.0009460449219,397.0009460449219,395.7030944824219,398.02923583984375,400.2655334472656,399.9061279296875,401.90283203125,401.90283203125,401.90283203125,403.8895263671875,401.802978515625,406.6948547363281,407.1441345214844,407.72314453125,407.72314453125,407.72314453125,405.317138671875,396.60162353515625,394.5749816894531,398.49847412109375,398.49847412109375,398.49847412109375,398.49847412109375,398.49847412109375,397.57000732421875,398.0400085449219,404.3999938964844,415.0799865722656,415.0799865722656,415.0799865722656,417.07000732421875,418.1000061035156,423.3399963378906,425.3999938964844,427.260009765625,427.260009765625,427.260009765625,423.1600036621094,427.30999755859375,425.80999755859375,33.037077577157156,33.037077577157156
PHM,"PulteGroup, Inc.",55.41999816894531,55.41999816894531,55.41999816894531,55.41999816894531,55.36000061035156,55.81999969482422,55.93000030517578,56.38999938964844,56.65999984741211,56.65999984741211,56.65999984741211,56.54999923706055,57.27000045776367,57.150001525878906,56.779998779296875,58.279998779296875,58.279998779296875,58.279998779296875,59.0,58.41999816894531,58.630001068115234,57.84000015258789,57.84000015258789,57.84000015258789,57.84000015258789,58.33000183105469,59.7599983215332,59.75,59.209999084472656,60.13999938964844,60.13999938964844,60.13999938964844,60.59000015258789,62.59000015258789,62.439998626708984,62.810001373291016,62.83000183105469,62.83000183105469,62.83000183105469,63.86000061035156,64.94999694824219,64.62999725341797,66.2699966430664,67.1500015258789,67.1500015258789,67.1500015258789,65.77999877929688,65.7699966430664,66.48999786376953,66.37000274658203,67.0199966430664,67.0199966430664,67.0199966430664,67.77999877929688,67.7300033569336,67.80000305175781,68.12000274658203,68.43000030517578,68.43000030517578,68.43000030517578,68.55000305175781,69.36000061035156,69.5,70.1500015258789,69.18000030517578,69.18000030517578,69.18000030517578,67.41999816894531,65.69000244140625,65.76000213623047,66.5199966430664,65.87000274658203,65.87000274658203,65.87000274658203,65.87000274658203,66.69000244140625,66.08000183105469,67.30000305175781,69.37999725341797,69.37999725341797,69.37999725341797,69.41999816894531,72.18000030517578,71.56999969482422,71.20999908447266,71.98999786376953,71.98999786376953,71.98999786376953,72.9000015258789,73.88999938964844,73.25,32.17250526912821,32.17250526912821
EQT,EQT Corporation,29.233564376831055,29.233564376831055,29.233564376831055,29.233564376831055,30.019893646240234,30.855993270874023,29.372913360595703,29.392822265625,30.41803550720215,30.41803550720215,30.41803550720215,30.298593521118164,30.75645637512207,31.303903579711914,31.14464569091797,31.761764526367188,31.761764526367188,31.761764526367188,31.65227508544922,32.32911682128906,32.44855880737305,31.970788955688477,31.970788955688477,31.970788955688477,31.970788955688477,33.23488998413086,33.264747619628906,32.498329162597656,32.71730422973633,32.98604965209961,32.98604965209961,32.98604965209961,32.63767623901367,33.1552619934082,33.06568145751953,32.57795715332031,32.43860626220703,32.43860626220703,32.43860626220703,32.58790969848633,31.562692642211914,31.21432113647461,33.384193420410156,34.67815399169922,34.67815399169922,34.67815399169922,34.110801696777344,32.677494049072266,31.353670120239258,30.89580726623535,32.1997184753418,32.1997184753418,32.1997184753418,32.13999938964844,32.31999969482422,32.20000076293945,31.899999618530273,33.45000076293945,33.45000076293945,33.45000076293945,35.13999938964844,34.810001373291016,34.810001373291016,36.84000015258789,36.22999954223633,36.22999954223633,36.22999954223633,36.310001373291016,35.849998474121094,36.540000915527344,36.4900016784668,36.09000015258789,36.09000015258789,36.09000015258789,36.09000015258789,35.06999969482422,34.77000045776367,35.099998474121094,36.54999923706055,36.54999923706055,36.54999923706055,36.040000915527344,37.36000061035156,38.810001373291016,38.970001220703125,38.54999923706055,38.54999923706055,38.54999923706055,38.310001373291016,38.939998626708984,38.45000076293945,31.526899242614594,31.526899242614594
LYV,"Live Nation Entertainment, Inc.",66.33999633789062,66.33999633789062,66.33999633789062,66.33999633789062,68.02999877929688,69.2300033569336,66.23999786376953,65.33999633789062,65.94999694824219,65.94999694824219,65.94999694824219,67.08999633789062,67.8499984741211,68.61000061035156,69.19999694824219,70.0,70.0,70.0,69.30999755859375,69.38999938964844,68.80000305175781,69.12999725341797,69.12999725341797,69.12999725341797,69.12999725341797,69.7300033569336,70.18000030517578,69.9000015258789,70.54000091552734,68.95999908447266,68.95999908447266,68.95999908447266,68.43000030517578,67.70999908447266,67.75,66.87999725341797,66.9800033569336,66.9800033569336,66.9800033569336,67.19999694824219,66.4000015258789,65.41999816894531,67.36000061035156,67.77999877929688,67.77999877929688,67.77999877929688,68.4000015258789,67.75,67.2699966430664,67.06999969482422,77.16000366210938,77.16000366210938,77.16000366210938,77.81999969482422,77.62999725341797,78.55999755859375,77.76000213623047,78.1500015258789,78.1500015258789,78.1500015258789,80.38999938964844,80.75,82.05000305175781,84.5,84.7300033569336,84.7300033569336,84.7300033569336,84.75,82.05999755859375,82.08000183105469,81.69000244140625,82.1500015258789,82.1500015258789,82.1500015258789,82.1500015258789,80.2300033569336,79.94000244140625,81.12999725341797,82.83000183105469,82.83000183105469,82.83000183105469,82.5,82.98999786376953,82.80999755859375,83.22000122070312,84.1500015258789,84.1500015258789,84.1500015258789,85.66999816894531,87.02999877929688,87.08000183105469,31.2631996352979,31.2631996352979
DISH,DISH Network Corporation,9.100000381469727,9.100000381469727,9.100000381469727,9.100000381469727,8.989999771118164,9.579999923706055,9.029999732971191,8.84000015258789,8.75,8.75,8.75,8.600000381469727,8.680000305175781,9.100000381469727,9.010000228881836,9.329999923706055,9.329999923706055,9.329999923706055,9.050000190734863,8.649999618530273,8.529999732971191,8.770000457763672,8.770000457763672,8.770000457763672,8.770000457763672,8.859999656677246,8.920000076293945,8.079999923706055,8.34000015258789,7.840000152587891,7.840000152587891,7.840000152587891,8.15999984741211,7.78000020980835,7.829999923706055,7.53000020980835,7.579999923706055,7.579999923706055,7.579999923706055,7.489999771118164,6.980000019073486,6.949999809265137,7.320000171661377,7.510000228881836,7.510000228881836,7.510000228881836,7.409999847412109,7.039999961853027,6.989999771118164,6.650000095367432,7.119999885559082,7.119999885559082,7.119999885559082,7.269999980926514,6.460000038146973,6.289999961853027,6.230000019073486,6.159999847412109,6.159999847412109,6.159999847412109,6.570000171661377,6.480000019073486,6.860000133514404,6.960000038146973,6.699999809265137,6.699999809265137,6.699999809265137,6.78000020980835,6.599999904632568,6.230000019073486,6.670000076293945,6.659999847412109,6.659999847412109,6.659999847412109,6.659999847412109,6.710000038146973,6.429999828338623,6.28000020980835,7.300000190734863,7.300000190734863,7.300000190734863,7.099999904632568,7.539999961853027,7.78000020980835,7.429999828338623,6.550000190734863,6.550000190734863,6.550000190734863,6.599999904632568,6.539999961853027,6.309999942779541,-30.65934419487988,30.65934419487988
HAS,"Hasbro, Inc.",47.429832458496094,47.429832458496094,47.429832458496094,47.429832458496094,47.805320739746094,49.1392822265625,48.348785400390625,48.06222915649414,48.457481384277344,48.457481384277344,48.457481384277344,49.57405471801758,49.880374908447266,51.38231658935547,51.73804473876953,53.052242279052734,53.052242279052734,53.052242279052734,52.26174545288086,51.747920989990234,51.323028564453125,51.313148498535156,51.313148498535156,51.313148498535156,51.313148498535156,51.58982467651367,51.78744888305664,50.69063186645508,52.01471710205078,51.77756881713867,51.77756881713867,51.77756881713867,52.43960952758789,52.14317321777344,51.876380920410156,50.68075180053711,51.07600021362305,51.07600021362305,51.07600021362305,51.11552429199219,50.43372344970703,50.7993278503418,58.22999954223633,59.220001220703125,59.220001220703125,59.220001220703125,58.63999938964844,58.54999923706055,59.72999954223633,59.90999984741211,60.380001068115234,60.380001068115234,60.380001068115234,59.470001220703125,59.650001525878906,59.97999954223633,60.02000045776367,61.189998626708984,61.189998626708984,61.189998626708984,62.36000061035156,61.81999969482422,61.9900016784668,62.0,60.31999969482422,60.31999969482422,60.31999969482422,60.40999984741211,60.790000915527344,60.52000045776367,59.720001220703125,60.06999969482422,60.06999969482422,60.06999969482422,60.06999969482422,60.439998626708984,59.349998474121094,60.02000045776367,60.02000045776367,60.02000045776367,60.02000045776367,59.88999938964844,59.939998626708984,61.13999938964844,61.09000015258789,60.290000915527344,60.290000915527344,60.290000915527344,61.779998779296875,62.869998931884766,61.90999984741211,30.52966168832036,30.52966168832036
AMD,"Advanced Micro Devices, Inc.",97.83999633789062,97.83999633789062,97.83999633789062,97.83999633789062,96.80999755859375,95.93000030517578,97.58000183105469,100.27999877929688,97.94999694824219,97.94999694824219,97.94999694824219,96.61000061035156,94.55999755859375,96.08999633789062,97.87999725341797,98.01000213623047,98.01000213623047,98.01000213623047,96.55999755859375,95.87000274658203,92.55999755859375,92.47000122070312,92.47000122070312,92.47000122070312,92.47000122070312,95.4800033569336,94.02999877929688,92.33000183105469,92.08999633789062,91.75,91.75,91.75,89.87000274658203,89.77999877929688,89.94000244140625,90.11000061035156,88.43000030517578,88.43000030517578,88.43000030517578,87.56999969482422,83.80000305175781,85.94000244140625,87.44000244140625,89.37000274658203,89.37000274658203,89.37000274658203,89.69000244140625,89.91000366210938,81.62000274658203,86.61000061035156,89.83999633789062,89.83999633789062,89.83999633789062,95.04000091552734,95.05999755859375,97.0199966430664,97.0999984741211,95.26000213623047,95.26000213623047,95.26000213623047,97.4000015258789,101.4800033569336,103.75,107.93000030517578,105.81999969482422,105.81999969482422,105.81999969482422,108.0,108.12000274658203,108.2699966430664,120.3499984741211,127.02999877929688,127.02999877929688,127.02999877929688,127.02999877929688,125.2699966430664,118.20999908447266,119.47000122070312,117.86000061035156,117.86000061035156,117.86000061035156,117.93000030517578,124.2300033569336,117.83000183105469,121.05000305175781,124.91999816894531,124.91999816894531,124.91999816894531,129.19000244140625,124.52999877929688,127.33000183105469,30.141053349307445,30.141053349307445
VMC,Vulcan Materials Company,160.66329956054688,160.66329956054688,160.66329956054688,160.66329956054688,162.90830993652344,165.77194213867188,163.3473358154297,164.1355743408203,165.83180236816406,165.83180236816406,165.83180236816406,165.43270874023438,167.667724609375,169.61341857910156,169.76307678222656,171.179931640625,171.179931640625,171.179931640625,172.54689025878906,168.4859161376953,163.69654846191406,164.5646209716797,164.5646209716797,164.5646209716797,164.5646209716797,165.64222717285156,166.2010040283203,166.9493408203125,169.0845947265625,168.70542907714844,168.70542907714844,168.70542907714844,171.49923706054688,171.97816467285156,173.15554809570312,172.05799865722656,170.7608642578125,170.7608642578125,170.7608642578125,171.0302734375,169.29412841796875,166.2808074951172,172.59678649902344,174.73204040527344,174.73204040527344,174.73204040527344,177.1167449951172,178.87286376953125,178.2242889404297,189.80857849121094,193.1411895751953,193.1411895751953,193.1411895751953,192.40281677246094,192.6822052001953,195.6555938720703,194.3983917236328,194.94717407226562,194.94717407226562,194.94717407226562,195.73541259765625,194.57798767089844,196.0746612548828,195.97488403320312,196.78309631347656,196.78309631347656,196.78309631347656,196.822998046875,194.76756286621094,193.67001342773438,195.10000610351562,196.0,196.0,196.0,196.0,196.0500030517578,195.5,198.8000030517578,202.72999572753906,202.72999572753906,202.72999572753906,202.24000549316406,203.1199951171875,204.99000549316406,206.17999267578125,206.63999938964844,206.63999938964844,206.63999938964844,205.88999938964844,207.6999969482422,207.38999938964844,29.083617700439635,29.083617700439635
MKTX,MarketAxess Holdings Inc.,388.83294677734375,388.83294677734375,388.83294677734375,388.83294677734375,385.66058349609375,383.57562255859375,376.55255126953125,382.2887268066406,385.0620422363281,385.0620422363281,385.0620422363281,380.173828125,381.620361328125,383.5955810546875,386.9275207519531,390.34930419921875,390.34930419921875,390.34930419921875,388.22442626953125,391.3468933105469,336.92803955078125,342.4647216796875,342.4647216796875,342.4647216796875,342.4647216796875,334.8929443359375,337.5565185546875,336.7784118652344,339.681396484375,335.1922302246094,335.1922302246094,335.1922302246094,339.3721618652344,336.03021240234375,335.002685546875,331.9001770019531,326.2238464355469,326.2238464355469,326.2238464355469,319.4002990722656,315.0008850097656,309.7934265136719,312.4071350097656,317.6046142578125,317.6046142578125,317.6046142578125,316.5272216796875,318.3029479980469,297.84222412109375,296.3757629394531,299.60797119140625,299.60797119140625,299.60797119140625,298.7699890136719,299.7699890136719,301.17999267578125,300.25,299.2300109863281,299.2300109863281,299.2300109863281,293.57000732421875,291.4599914550781,289.6600036621094,288.0299987792969,284.5899963378906,284.5899963378906,284.5899963378906,286.6000061035156,278.489990234375,276.1499938964844,274.6400146484375,279.2799987792969,279.2799987792969,279.2799987792969,279.2799987792969,278.9200134277344,272.4100036621094,277.3299865722656,281.510009765625,281.510009765625,281.510009765625,273.8900146484375,266.3299865722656,271.55999755859375,276.42999267578125,276.6499938964844,276.6499938964844,276.6499938964844,270.30999755859375,267.9800109863281,276.1499938964844,-28.979785230335608,28.979785230335608
NOW,"ServiceNow, Inc.",441.0,441.0,441.0,441.0,435.1499938964844,445.4599914550781,433.510009765625,440.4700012207031,432.8999938964844,432.8999938964844,432.8999938964844,431.30999755859375,429.0799865722656,438.44000244140625,439.6300048828125,464.7200012207031,464.7200012207031,464.7200012207031,464.489990234375,476.04998779296875,467.3299865722656,473.1300048828125,473.1300048828125,473.1300048828125,473.1300048828125,472.6400146484375,469.82000732421875,471.42999267578125,483.5,463.0299987792969,463.0299987792969,463.0299987792969,470.54998779296875,475.989990234375,475.5899963378906,467.69000244140625,473.30999755859375,473.30999755859375,473.30999755859375,473.0,442.2799987792969,454.0299987792969,454.3399963378906,459.4200134277344,459.4200134277344,459.4200134277344,450.4100036621094,443.67999267578125,437.0799865722656,430.510009765625,434.79998779296875,434.79998779296875,434.79998779296875,438.989990234375,441.3900146484375,454.1400146484375,452.57000732421875,455.20001220703125,455.20001220703125,455.20001220703125,463.1400146484375,468.239990234375,492.9200134277344,510.1700134277344,510.29998779296875,510.29998779296875,510.29998779296875,511.3900146484375,500.1400146484375,502.54998779296875,531.780029296875,537.4600219726562,537.4600219726562,537.4600219726562,537.4600219726562,549.1199951171875,544.780029296875,542.9600219726562,548.1799926757812,548.1799926757812,548.1799926757812,556.7100219726562,555.7999877929688,528.3200073242188,535.3400268554688,534.030029296875,534.030029296875,534.030029296875,546.3499755859375,554.719970703125,567.3099975585938,28.64172280240221,28.64172280240221
ALK,"Alaska Air Group, Inc.",39.290000915527344,39.290000915527344,39.290000915527344,39.290000915527344,39.27000045776367,40.560001373291016,39.400001525878906,38.5,38.130001068115234,38.130001068115234,38.130001068115234,38.9900016784668,39.810001373291016,40.630001068115234,40.97999954223633,41.959999084472656,41.959999084472656,41.959999084472656,42.09000015258789,41.970001220703125,41.95000076293945,42.040000915527344,42.040000915527344,42.040000915527344,42.040000915527344,42.43000030517578,43.18000030517578,41.97999954223633,42.380001068115234,41.90999984741211,41.90999984741211,41.90999984741211,42.63999938964844,42.54999923706055,43.650001525878906,43.560001373291016,44.40999984741211,44.40999984741211,44.40999984741211,44.04999923706055,42.5,42.2400016784668,42.970001220703125,43.459999084472656,43.459999084472656,43.459999084472656,43.4900016784668,43.369998931884766,43.470001220703125,42.09000015258789,43.15999984741211,43.15999984741211,43.15999984741211,43.459999084472656,43.900001525878906,43.11000061035156,43.04999923706055,42.720001220703125,42.720001220703125,42.720001220703125,43.34000015258789,42.63999938964844,45.25,45.119998931884766,44.52000045776367,44.52000045776367,44.52000045776367,44.91999816894531,44.83000183105469,44.029998779296875,45.119998931884766,45.099998474121094,45.099998474121094,45.099998474121094,45.099998474121094,45.209999084472656,44.93000030517578,44.84000015258789,46.099998474121094,46.099998474121094,46.099998474121094,46.279998779296875,47.459999084472656,48.36000061035156,48.650001525878906,48.650001525878906,48.650001525878906,48.650001525878906,49.58000183105469,50.81999969482422,50.439998626708984,28.37871583447884,28.37871583447884
CMG,"Chipotle Mexican Grill, Inc.",1608.8399658203125,1608.8399658203125,1608.8399658203125,1608.8399658203125,1610.22998046875,1627.9599609375,1622.469970703125,1632.530029296875,1624.25,1624.25,1624.25,1647.8199462890625,1652.9000244140625,1656.719970703125,1672.1700439453125,1708.2900390625,1708.2900390625,1708.2900390625,1717.72998046875,1734.8399658203125,1697.4200439453125,1685.2099609375,1685.2099609375,1685.2099609375,1685.2099609375,1691.56005859375,1714.06005859375,1695.77001953125,1717.8900146484375,1738.300048828125,1738.300048828125,1738.300048828125,1775.0,1778.4599609375,1805.0,1798.4000244140625,1800.0,1800.0,1800.0,1796.969970703125,1780.0,2009.8499755859375,2036.260009765625,2067.6201171875,2067.6201171875,2067.6201171875,2039.280029296875,2053.9599609375,2058.1201171875,2033.510009765625,2028.2099609375,2028.2099609375,2028.2099609375,2032.8399658203125,2032.6600341796875,2054.840087890625,2058.5,2045.6300048828125,2045.6300048828125,2045.6300048828125,2047.1199951171875,2050.219970703125,2062.010009765625,2095.8701171875,2106.219970703125,2106.219970703125,2106.219970703125,2101.93994140625,2047.010009765625,2053.070068359375,2057.89990234375,2071.02001953125,2071.02001953125,2071.02001953125,2071.02001953125,2071.280029296875,2076.489990234375,2082.330078125,2062.22998046875,2062.22998046875,2062.22998046875,2074.3798828125,2058.1201171875,2022.9000244140625,2023.22998046875,2040.550048828125,2040.550048828125,2040.550048828125,2063.669921875,2065.72998046875,2061.169921875,28.115285899430916,28.115285899430916
FLT,"FLEETCOR Technologies, Inc.",187.1999969482422,187.1999969482422,187.1999969482422,187.1999969482422,199.0800018310547,210.6300048828125,202.16000366210938,199.75999450683594,200.82000732421875,200.82000732421875,200.82000732421875,203.5800018310547,202.24000549316406,207.42999267578125,205.55999755859375,210.85000610351562,210.85000610351562,210.85000610351562,211.57000732421875,206.77999877929688,207.47000122070312,207.67999267578125,207.67999267578125,207.67999267578125,207.67999267578125,210.4199981689453,215.8800048828125,213.99000549316406,219.52999877929688,221.1999969482422,221.1999969482422,221.1999969482422,222.08999633789062,222.11000061035156,219.74000549316406,216.0500030517578,216.8300018310547,216.8300018310547,216.8300018310547,216.25,209.30999755859375,209.5500030517578,212.14999389648438,213.9199981689453,213.9199981689453,213.9199981689453,213.88999938964844,207.08999633789062,207.33999633789062,223.60000610351562,231.19000244140625,231.19000244140625,231.19000244140625,229.82000732421875,230.92999267578125,228.2100067138672,227.1699981689453,227.0399932861328,227.0399932861328,227.0399932861328,230.14999389648438,226.52000427246094,232.11000061035156,234.85000610351562,233.64999389648438,233.64999389648438,233.64999389648438,237.6999969482422,236.5800018310547,232.4600067138672,232.82000732421875,233.75,233.75,233.75,233.75,230.94000244140625,226.5500030517578,228.0,234.83999633789062,234.83999633789062,234.83999633789062,232.6699981689453,238.24000549316406,237.58999633789062,238.3000030517578,239.3699951171875,239.3699951171875,239.3699951171875,239.27000427246094,240.3000030517578,239.7899932861328,28.092947219668453,28.092947219668453
DAL,"Delta Air Lines, Inc.",32.959999084472656,32.959999084472656,32.959999084472656,32.959999084472656,33.13999938964844,33.88999938964844,32.77000045776367,32.13999938964844,31.59000015258789,31.59000015258789,31.59000015258789,32.130001068115234,32.470001220703125,33.31999969482422,34.11000061035156,34.91999816894531,34.91999816894531,34.91999816894531,34.38999938964844,33.91999816894531,33.459999084472656,33.689998626708984,33.689998626708984,33.689998626708984,33.689998626708984,33.970001220703125,34.58000183105469,33.7400016784668,33.369998931884766,33.77000045776367,33.77000045776367,33.77000045776367,34.59000015258789,35.36000061035156,35.93000030517578,34.63999938964844,34.33000183105469,34.33000183105469,34.33000183105469,34.119998931884766,33.11000061035156,32.75,33.33000183105469,34.310001373291016,34.310001373291016,34.310001373291016,34.720001220703125,34.529998779296875,34.130001068115234,33.08000183105469,33.939998626708984,33.939998626708984,33.939998626708984,34.20000076293945,34.20000076293945,33.79999923706055,33.220001220703125,33.22999954223633,33.22999954223633,33.22999954223633,33.720001220703125,33.81999969482422,35.93000030517578,35.88999938964844,35.59000015258789,35.59000015258789,35.59000015258789,35.459999084472656,35.90999984741211,34.93000030517578,35.75,35.88999938964844,35.88999938964844,35.88999938964844,35.88999938964844,36.279998779296875,36.33000183105469,36.380001068115234,37.0099983215332,37.0099983215332,37.0099983215332,37.099998474121094,37.63999938964844,38.22999954223633,39.11000061035156,39.279998779296875,39.279998779296875,39.279998779296875,40.20000076293945,41.560001373291016,42.189998626708984,28.00364016570786,28.00364016570786
DFS,Discover Financial Services,91.60635375976562,91.60635375976562,91.60635375976562,91.60635375976562,93.17550659179688,97.6644515991211,94.12890625,92.9272232055664,92.21216583251953,92.21216583251953,92.21216583251953,93.74158477783203,93.51316833496094,97.00898742675781,97.44596862792969,98.16101837158203,98.16101837158203,98.16101837158203,98.14115905761719,97.9028091430664,96.73091125488281,96.353515625,96.353515625,96.353515625,96.353515625,97.49562072753906,99.7103042602539,98.46888732910156,99.7996826171875,100.47501373291016,100.47501373291016,100.47501373291016,101.95478057861328,102.9181137084961,105.03348541259766,104.45746612548828,104.79512786865234,104.79512786865234,104.79512786865234,103.77220153808594,101.08081817626953,100.48494720458984,101.28937530517578,102.75921630859375,102.75921630859375,102.75921630859375,98.92572784423828,94.56588745117188,95.12203979492188,91.80498504638672,95.3008041381836,95.3008041381836,95.3008041381836,96.17475128173828,96.02578735351562,94.69499206542969,95.17169952392578,94.57582092285156,94.57582092285156,94.57582092285156,96.37338256835938,95.64839935302734,97.91273498535156,99.91886138916016,100.04796600341797,100.04796600341797,100.04796600341797,100.36576843261719,101.19999694824219,99.41999816894531,99.87999725341797,102.36000061035156,102.36000061035156,102.36000061035156,102.36000061035156,103.31999969482422,102.73999786376953,105.33000183105469,109.08999633789062,109.08999633789062,109.08999633789062,109.04000091552734,112.33000183105469,113.0999984741211,113.58999633789062,114.13999938964844,114.13999938964844,114.13999938964844,114.81999969482422,117.72000122070312,117.13999938964844,27.873225580884796,27.873225580884796
AMZN,"Amazon.com, Inc.",98.94999694824219,98.94999694824219,98.94999694824219,98.94999694824219,97.70999908447266,100.61000061035156,98.69999694824219,98.70999908447266,98.12999725341797,98.12999725341797,98.12999725341797,98.04000091552734,97.23999786376953,100.25,102.0,103.29000091552734,103.29000091552734,103.29000091552734,102.41000366210938,103.94999694824219,101.0999984741211,102.05999755859375,102.05999755859375,102.05999755859375,102.05999755859375,102.16999816894531,99.91999816894531,97.83000183105469,102.4000015258789,102.51000213623047,102.51000213623047,102.51000213623047,102.73999786376953,102.30000305175781,104.30000305175781,103.80999755859375,106.95999908447266,106.95999908447266,106.95999908447266,106.20999908447266,102.56999969482422,104.9800033569336,109.81999969482422,105.44999694824219,105.44999694824219,105.44999694824219,102.05000305175781,103.62999725341797,103.6500015258789,104.0,105.66000366210938,105.66000366210938,105.66000366210938,105.83000183105469,106.62000274658203,110.19000244140625,112.18000030517578,110.26000213623047,110.26000213623047,110.26000213623047,111.19999694824219,113.4000015258789,115.5,118.1500015258789,116.25,116.25,116.25,115.01000213623047,114.98999786376953,116.75,115.0,120.11000061035156,120.11000061035156,120.11000061035156,120.11000061035156,121.66000366210938,120.58000183105469,122.7699966430664,124.25,124.25,124.25,125.30000305175781,126.61000061035156,121.2300033569336,124.25,123.43000030517578,123.43000030517578,123.43000030517578,126.56999969482422,126.66000366210938,126.41999816894531,27.7614977947618,27.7614977947618
F,Ford Motor Company,11.160608291625977,11.160608291625977,11.160608291625977,11.160608291625977,11.042088508605957,11.575428009033203,11.338387489318848,11.279128074645996,11.36801815032959,11.36801815032959,11.36801815032959,11.37789535522461,11.456908226013184,11.90135669708252,12.138396263122559,12.444572448730469,12.444572448730469,12.444572448730469,12.523585319519043,12.563092231750488,12.2766695022583,12.177903175354004,12.177903175354004,12.177903175354004,12.177903175354004,12.563092231750488,12.711241722106934,12.51370906829834,12.306299209594727,12.365559577941895,12.365559577941895,12.365559577941895,12.523585319519043,12.572968482971191,12.069259643554688,11.723577499389648,11.664318084716797,11.664318084716797,11.664318084716797,12.00999927520752,11.770000457763672,11.539999961853027,11.609999656677246,11.880000114440918,11.880000114440918,11.880000114440918,12.0600004196167,11.800000190734863,11.789999961853027,11.5600004196167,11.989999771118164,11.989999771118164,11.989999771118164,12.020000457763672,11.859999656677246,11.890000343322754,11.869999885559082,11.670000076293945,11.670000076293945,11.670000076293945,11.640000343322754,11.25,11.5,11.640000343322754,11.649999618530273,11.649999618530273,11.649999618530273,11.630000114440918,11.729999542236328,11.329999923706055,11.380000114440918,12.09000015258789,12.09000015258789,12.09000015258789,12.09000015258789,12.59000015258789,12.0,12.109999656677246,12.390000343322754,12.390000343322754,12.390000343322754,12.59000015258789,12.930000305175781,13.59000015258789,13.579999923706055,13.739999771118164,13.739999771118164,13.739999771118164,13.779999732971191,14.130000114440918,14.199999809265137,27.23320663372511,27.23320663372511
DVA,DaVita Inc.,76.7699966430664,76.7699966430664,76.7699966430664,76.7699966430664,77.98999786376953,78.19999694824219,76.75,75.23999786376953,76.12000274658203,76.12000274658203,76.12000274658203,77.1500015258789,77.3499984741211,78.47000122070312,79.37999725341797,81.11000061035156,81.11000061035156,81.11000061035156,81.69000244140625,81.58000183105469,82.94000244140625,82.47000122070312,82.47000122070312,82.47000122070312,82.47000122070312,82.69999694824219,84.72000122070312,83.29000091552734,84.4000015258789,83.95999908447266,83.95999908447266,83.95999908447266,83.86000061035156,83.48999786376953,83.5999984741211,83.12000274658203,86.0199966430664,86.0199966430664,86.0199966430664,88.13999938964844,87.30000305175781,86.2699966430664,88.01000213623047,90.36000061035156,90.36000061035156,90.36000061035156,90.38999938964844,88.33999633789062,88.16000366210938,87.20999908447266,88.47000122070312,88.47000122070312,88.47000122070312,89.20999908447266,100.72000122070312,99.2699966430664,95.58999633789062,93.72000122070312,93.72000122070312,93.72000122070312,96.86000061035156,98.5199966430664,98.61000061035156,100.93000030517578,100.33000183105469,100.33000183105469,100.33000183105469,99.80000305175781,96.94000244140625,96.2699966430664,95.05999755859375,94.27999877929688,94.27999877929688,94.27999877929688,94.27999877929688,92.41999816894531,93.66999816894531,94.70999908447266,98.73999786376953,98.73999786376953,98.73999786376953,99.16000366210938,99.27999877929688,100.55999755859375,100.08000183105469,97.4800033569336,97.4800033569336,97.4800033569336,97.08999633789062,98.23999786376953,97.4800033569336,26.9766935254095,26.9766935254095
ACN,Accenture plc,249.02210998535156,249.02210998535156,249.02210998535156,249.02210998535156,251.5621337890625,256.6123046875,252.27932739257812,270.5973815917969,270.9360656738281,270.9360656738281,270.9360656738281,272.88836669921875,273.92431640625,278.8450012207031,281.5543518066406,284.6920471191406,284.6920471191406,284.6920471191406,284.721923828125,284.721923828125,280.22955322265625,280.5981140136719,280.5981140136719,280.5981140136719,280.5981140136719,280.57818603515625,285.2099914550781,283.760009765625,285.2699890136719,279.25,279.25,279.25,279.9800109863281,279.9599914550781,279.8999938964844,275.54998779296875,276.3299865722656,276.3299865722656,276.3299865722656,277.25,270.70001220703125,271.2099914550781,275.45001220703125,280.2900085449219,280.2900085449219,280.2900085449219,279.4200134277344,276.739990234375,275.17999267578125,266.5,265.6499938964844,265.6499938964844,265.6499938964844,264.82000732421875,263.4800109863281,268.8900146484375,272.2699890136719,277.19000244140625,277.19000244140625,277.19000244140625,277.510009765625,279.19000244140625,284.6300048828125,287.4800109863281,289.9100036621094,289.9100036621094,289.9100036621094,290.95001220703125,288.1000061035156,286.82000732421875,291.760009765625,303.6000061035156,303.6000061035156,303.6000061035156,303.6000061035156,308.42999267578125,305.9200134277344,305.20001220703125,311.3900146484375,311.3900146484375,311.3900146484375,304.45001220703125,308.0400085449219,311.0299987792969,307.3299865722656,308.7200012207031,308.7200012207031,308.7200012207031,311.4800109863281,315.1600036621094,315.04998779296875,26.514865612335065,26.514865612335065
COF,Capital One Financial Corporation,89.09428405761719,89.09428405761719,89.09428405761719,89.09428405761719,89.62064361572266,93.91099548339844,90.38536071777344,89.29291534423828,89.8292007446289,89.8292007446289,89.8292007446289,91.12028503417969,90.4946060180664,93.47401428222656,93.53360748291016,95.50001525878906,95.50001525878906,95.50001525878906,95.6589126586914,95.96678924560547,94.18907165527344,94.27845764160156,94.27845764160156,94.27845764160156,94.27845764160156,94.56646728515625,97.75443267822266,95.03324127197266,95.22193145751953,95.91712951660156,95.91712951660156,95.91712951660156,97.15855407714844,96.88047790527344,98.61846923828125,96.6023941040039,95.92705535888672,95.92705535888672,95.92705535888672,95.67877197265625,94.2983169555664,93.77195739746094,95.3311767578125,96.63219451904297,96.63219451904297,96.63219451904297,92.53053283691406,88.93538665771484,87.42581176757812,85.04228210449219,87.40595245361328,87.40595245361328,87.40595245361328,88.45867156982422,88.39908599853516,86.44261169433594,86.81999969482422,86.33999633789062,86.33999633789062,86.33999633789062,89.12000274658203,90.94999694824219,94.69000244140625,99.2300033569336,97.93000030517578,97.93000030517578,97.93000030517578,99.44999694824219,102.16999816894531,99.48999786376953,99.91999816894531,102.8499984741211,102.8499984741211,102.8499984741211,102.8499984741211,104.70999908447266,104.20999908447266,106.23999786376953,110.48999786376953,110.48999786376953,110.48999786376953,109.0,112.0199966430664,113.54000091552734,111.62999725341797,111.48999786376953,111.48999786376953,111.48999786376953,111.83000183105469,113.6500015258789,112.33000183105469,26.079919738073187,26.079919738073187
NWL,Newell Brands Inc.,11.29867172241211,11.29867172241211,11.29867172241211,11.29867172241211,11.29867172241211,11.586346626281738,11.427629470825195,11.427629470825195,11.536746978759766,11.536746978759766,11.536746978759766,11.67562484741211,11.695464134216309,12.002978324890137,11.943459510803223,12.340251922607422,12.340251922607422,12.340251922607422,12.35017204284668,12.082337379455566,11.943459510803223,12.042657852172852,12.042657852172852,12.042657852172852,12.042657852172852,12.112096786499023,12.479129791259766,12.112096786499023,12.221214294433594,12.320412635803223,12.320412635803223,12.320412635803223,12.548567771911621,12.469209671020508,12.429530143737793,12.211295127868652,12.131935119628906,12.131935119628906,12.131935119628906,12.141855239868164,11.804581642150879,11.764902114868164,11.78474235534668,12.052577018737793,12.052577018737793,12.052577018737793,10.723322868347168,10.27692985534668,9.929737091064453,9.731340408325195,10.028934478759766,10.028934478759766,10.028934478759766,10.058694839477539,9.909896850585938,9.433746337890625,9.423826217651367,9.195671081542969,9.195671081542969,9.195671081542969,9.20559024810791,8.679840087890625,8.937755584716797,8.907995223999023,8.620320320129395,8.620320320129395,8.620320320129395,8.858396530151367,8.947675704956055,8.64016056060791,8.392165184020996,8.65999984741211,8.65999984741211,8.65999984741211,8.65999984741211,8.8100004196167,8.3100004196167,8.199999809265137,8.779999732971191,8.779999732971191,8.779999732971191,8.649999618530273,8.670000076293945,8.920000076293945,8.630000114440918,8.479999542236328,8.479999542236328,8.479999542236328,8.460000038146973,8.489999771118164,8.369999885559082,-25.920496752230594,25.920496752230594
MKC,"McCormick & Company, Incorporated",72.28801727294922,72.28801727294922,72.28801727294922,72.28801727294922,72.94499206542969,72.45723724365234,71.78034210205078,70.87450408935547,72.53687286376953,72.53687286376953,72.53687286376953,73.72142791748047,80.80888366699219,80.82878875732422,80.63966369628906,82.82959747314453,82.82959747314453,82.82959747314453,83.93452453613281,84.75077819824219,84.91999816894531,85.80000305175781,85.80000305175781,85.80000305175781,85.80000305175781,85.25,86.11000061035156,85.88999938964844,86.47000122070312,84.98999786376953,84.98999786376953,84.98999786376953,85.5199966430664,85.1500015258789,85.26000213623047,85.4000015258789,85.68000030517578,85.68000030517578,85.68000030517578,85.22000122070312,85.83999633789062,84.9800033569336,87.4000015258789,87.8499984741211,87.8499984741211,87.8499984741211,88.41000366210938,88.2300033569336,87.91999816894531,88.2699966430664,88.94999694824219,88.94999694824219,88.94999694824219,88.29000091552734,88.44999694824219,89.0199966430664,89.51000213623047,90.27999877929688,90.27999877929688,90.27999877929688,90.8499984741211,89.69999694824219,88.77999877929688,88.58000183105469,88.91999816894531,88.91999816894531,88.91999816894531,87.72000122070312,87.29000091552734,87.69000244140625,87.20999908447266,86.93000030517578,86.93000030517578,86.93000030517578,86.93000030517578,85.41999816894531,85.7300033569336,87.58000183105469,88.45999908447266,88.45999908447266,88.45999908447266,88.76000213623047,90.1500015258789,90.75,90.12999725341797,90.66999816894531,90.66999816894531,90.66999816894531,90.62999725341797,90.33999633789062,90.9800033569336,25.857654960165956,25.857654960165956
CAH,"Cardinal Health, Inc.",69.1617202758789,69.1617202758789,69.1617202758789,69.1617202758789,70.67171478271484,71.78433990478516,69.4796142578125,68.55573272705078,69.90678405761719,69.90678405761719,69.90678405761719,70.77104949951172,71.99295806884766,74.10893249511719,74.85399627685547,75.5,75.5,75.5,76.70999908447266,76.66000366210938,79.41999816894531,79.2300033569336,79.2300033569336,79.2300033569336,79.2300033569336,79.62000274658203,79.94999694824219,79.1500015258789,80.72000122070312,80.62999725341797,80.62999725341797,80.62999725341797,80.05999755859375,79.44999694824219,78.98999786376953,80.08999633789062,80.08000183105469,80.08000183105469,80.08000183105469,81.0,80.87999725341797,80.38999938964844,82.08000183105469,82.0999984741211,82.0999984741211,82.0999984741211,82.25,82.36000061035156,81.63999938964844,80.83000183105469,83.19999694824219,83.19999694824219,83.19999694824219,84.1500015258789,84.3499984741211,85.18000030517578,84.83999633789062,84.7699966430664,84.7699966430664,84.7699966430664,85.31999969482422,85.80000305175781,86.55999755859375,85.55999755859375,85.93000030517578,85.93000030517578,85.93000030517578,85.9800033569336,84.79000091552734,84.95999908447266,84.69999694824219,82.83000183105469,82.83000183105469,82.83000183105469,82.83000183105469,81.33000183105469,82.30000305175781,83.41999816894531,84.58999633789062,84.58999633789062,84.58999633789062,84.76000213623047,84.33999633789062,83.2699966430664,85.33000183105469,86.7699966430664,86.7699966430664,86.7699966430664,87.18000030517578,88.0199966430664,86.97000122070312,25.748753607904547,25.748753607904547
AKAM,"Akamai Technologies, Inc.",73.61000061035156,73.61000061035156,73.61000061035156,73.61000061035156,75.13999938964844,75.69999694824219,74.1500015258789,75.05000305175781,76.05000305175781,76.05000305175781,76.05000305175781,76.37000274658203,76.58000183105469,76.7300033569336,76.55000305175781,78.30000305175781,78.30000305175781,78.30000305175781,77.87999725341797,77.56999969482422,77.41000366210938,78.91999816894531,78.91999816894531,78.91999816894531,78.91999816894531,78.2300033569336,80.72000122070312,81.18000030517578,83.16999816894531,82.55000305175781,82.55000305175781,82.55000305175781,82.93000030517578,82.81999969482422,82.19999694824219,80.8499984741211,80.94000244140625,80.94000244140625,80.94000244140625,80.6500015258789,79.47000122070312,78.69999694824219,81.72000122070312,81.97000122070312,81.97000122070312,81.97000122070312,80.54000091552734,78.95999908447266,78.45999908447266,77.04000091552734,78.55999755859375,78.55999755859375,78.55999755859375,79.3499984741211,78.87999725341797,85.54000091552734,85.91999816894531,85.31999969482422,85.31999969482422,85.31999969482422,85.91999816894531,86.87000274658203,86.7699966430664,87.7699966430664,87.2699966430664,87.2699966430664,87.2699966430664,87.94999694824219,87.02999877929688,87.63999938964844,89.05999755859375,90.56999969482422,90.56999969482422,90.56999969482422,90.56999969482422,92.11000061035156,92.12000274658203,91.44999694824219,93.51000213623047,93.51000213623047,93.51000213623047,93.83999633789062,93.30999755859375,92.87999725341797,92.62000274658203,92.4800033569336,92.4800033569336,92.4800033569336,92.38999938964844,91.7699966430664,91.98999786376953,24.969429562582075,24.969429562582075
KLAC,KLA Corporation,386.4459228515625,386.4459228515625,386.4459228515625,386.4459228515625,388.6285705566406,383.76495361328125,380.5757141113281,387.5023498535156,373.8085632324219,373.8085632324219,373.8085632324219,372.7620849609375,369.7622375488281,383.85467529296875,394.69805908203125,397.8275146484375,397.8275146484375,397.8275146484375,397.6481018066406,391.5287780761719,380.3265686035156,373.39996337890625,373.39996337890625,373.39996337890625,373.39996337890625,381.3830261230469,376.6390075683594,368.8951721191406,373.130859375,373.7786865234375,373.7786865234375,373.7786865234375,370.8585205078125,369.9615478515625,360.0450134277344,374.4464111328125,370.718994140625,370.718994140625,370.718994140625,371.06781005859375,356.54681396484375,356.1581115722656,383.3464050292969,385.239990234375,385.239990234375,385.239990234375,383.1370849609375,377.1772155761719,376.8981628417969,371.9747619628906,384.3629455566406,384.3629455566406,384.3629455566406,382.2301330566406,374.48626708984375,385.0805358886719,385.239990234375,386.9700012207031,386.9700012207031,386.9700012207031,404.1000061035156,408.80999755859375,416.8299865722656,428.57000732421875,423.6400146484375,423.6400146484375,423.6400146484375,420.80999755859375,414.69000244140625,408.8999938964844,434.25,461.19000244140625,461.19000244140625,461.19000244140625,461.19000244140625,458.7300109863281,442.989990234375,452.5299987792969,458.05999755859375,458.05999755859375,458.05999755859375,458.04998779296875,461.0,463.760009765625,473.8599853515625,465.6499938964844,465.6499938964844,465.6499938964844,475.42999267578125,479.8900146484375,480.5400085449219,24.348577673958744,24.348577673958744
LRCX,Lam Research Corporation,506.96258544921875,506.96258544921875,506.96258544921875,506.96258544921875,511.8790283203125,505.96533203125,504.9082336425781,522.1507568359375,500.6799011230469,500.6799011230469,500.6799011230469,494.4071960449219,483.74658203125,514.332275390625,529.8993530273438,528.6627807617188,528.6627807617188,528.6627807617188,520.0764770507812,502.9037780761719,492.1235046386719,492.4326477050781,492.4326477050781,492.4326477050781,492.4326477050781,506.0650634765625,506.11492919921875,495.7036437988281,496.9801330566406,499.4632568359375,499.4632568359375,499.4632568359375,491.3057556152344,494.00830078125,489.6702575683594,525.0726928710938,515.768310546875,515.768310546875,515.768310546875,512.966064453125,498.3463439941406,496.03271484375,517.4636840820312,522.639404296875,522.639404296875,522.639404296875,522.3900756835938,520.4454345703125,513.1355590820312,510.8319091796875,528.3037719726562,528.3037719726562,528.3037719726562,525.3419189453125,514.3522338867188,525.8505249023438,526.030029296875,525.6510620117188,525.6510620117188,525.6510620117188,550.7518920898438,557.3935546875,572.5318603515625,597.0941162109375,587.2412719726562,587.2412719726562,587.2412719726562,583.4617309570312,571.91357421875,564.3145141601562,600.4448852539062,626.5230102539062,626.5230102539062,626.5230102539062,626.5230102539062,628.2283325195312,615.0048217773438,618.1560668945312,611.9830932617188,611.9830932617188,611.9830932617188,603.9452514648438,610.5171508789062,609.10107421875,612.8507080078125,604.922607421875,604.922607421875,604.922607421875,625.8050537109375,625.5399780273438,630.030029296875,24.275448993658255,24.275448993658255
UAL,"United Airlines Holdings, Inc.",43.040000915527344,43.040000915527344,43.040000915527344,43.040000915527344,43.09000015258789,44.2599983215332,42.81999969482422,41.65999984741211,41.36000061035156,41.36000061035156,41.36000061035156,41.939998626708984,42.40999984741211,43.470001220703125,43.709999084472656,44.25,44.25,44.25,43.349998474121094,42.540000915527344,42.029998779296875,42.65999984741211,42.65999984741211,42.65999984741211,42.65999984741211,43.130001068115234,44.31999969482422,41.439998626708984,41.970001220703125,41.66999816894531,41.66999816894531,41.66999816894531,42.380001068115234,43.040000915527344,46.27000045776367,44.88999938964844,44.45000076293945,44.45000076293945,44.45000076293945,43.93000030517578,42.4900016784668,42.099998474121094,42.83000183105469,43.79999923706055,43.79999923706055,43.79999923706055,44.40999984741211,44.529998779296875,44.47999954223633,42.91999816894531,44.810001373291016,44.810001373291016,44.810001373291016,45.86000061035156,46.36000061035156,45.52000045776367,45.08000183105469,45.08000183105469,45.08000183105469,45.08000183105469,45.20000076293945,45.349998474121094,47.75,48.130001068115234,47.540000915527344,47.540000915527344,47.540000915527344,47.40999984741211,47.869998931884766,46.65999984741211,47.47999954223633,47.2599983215332,47.2599983215332,47.2599983215332,47.2599983215332,48.0099983215332,47.470001220703125,47.40999984741211,48.5,48.5,48.5,48.2599983215332,48.790000915527344,49.38999938964844,49.869998931884766,50.41999816894531,50.41999816894531,50.41999816894531,51.310001373291016,53.189998626708984,53.349998474121094,23.954454784582172,23.954454784582172
CPRT,"Copart, Inc.",69.72000122070312,69.72000122070312,69.72000122070312,69.72000122070312,70.52999877929688,71.16999816894531,70.48999786376953,71.2300033569336,71.43000030517578,71.43000030517578,71.43000030517578,72.7300033569336,73.11000061035156,74.04000091552734,73.4800033569336,75.20999908447266,75.20999908447266,75.20999908447266,75.4800033569336,75.66999816894531,74.68000030517578,74.37999725341797,74.37999725341797,74.37999725341797,74.37999725341797,74.97000122070312,75.73999786376953,76.13999938964844,76.73999786376953,77.12000274658203,77.12000274658203,77.12000274658203,77.41999816894531,77.70999908447266,78.08000183105469,78.08000183105469,78.38999938964844,78.38999938964844,78.38999938964844,78.55000305175781,77.52999877929688,77.11000061035156,77.76000213623047,79.05000305175781,79.05000305175781,79.05000305175781,78.4000015258789,78.72000122070312,78.9000015258789,78.2300033569336,78.88999938964844,78.88999938964844,78.88999938964844,79.41999816894531,79.5,80.0,80.58000183105469,81.80999755859375,81.80999755859375,81.80999755859375,81.62000274658203,81.19999694824219,82.0,88.37000274658203,88.23999786376953,88.23999786376953,88.23999786376953,89.16000366210938,86.52999877929688,86.45999908447266,87.75,87.87999725341797,87.87999725341797,87.87999725341797,87.87999725341797,88.5999984741211,87.58999633789062,87.79000091552734,88.02999877929688,88.02999877929688,88.02999877929688,88.5199966430664,88.08999633789062,86.22000122070312,86.7300033569336,85.73999786376953,85.73999786376953,85.73999786376953,86.94000244140625,86.7300033569336,86.33999633789062,23.838202561953263,23.838202561953263
AIZ,"Assurant, Inc.",104.3331527709961,104.3331527709961,104.3331527709961,104.3331527709961,110.56808471679688,115.7887191772461,112.86515808105469,111.671875,112.13923645019531,112.13923645019531,112.13923645019531,113.72035217285156,115.5003433227539,117.53887176513672,117.98635864257812,119.3984146118164,119.3984146118164,119.3984146118164,118.1355209350586,116.88256072998047,118.10568237304688,117.66814422607422,117.66814422607422,117.66814422607422,117.66814422607422,118.73216247558594,118.87137603759766,116.51463317871094,117.50904083251953,115.46056365966797,115.46056365966797,115.46056365966797,118.36422729492188,116.59418487548828,118.24490356445312,116.2759780883789,116.59418487548828,116.59418487548828,116.59418487548828,116.54446411132812,115.92793273925781,115.89810180664062,119.28902435302734,122.44129180908203,122.44129180908203,122.44129180908203,122.36174774169922,120.14421844482422,131.29151916503906,129.630859375,130.20761108398438,130.20761108398438,130.20761108398438,130.91363525390625,129.83969116210938,128.48728942871094,128.5966796875,128.855224609375,128.855224609375,128.855224609375,129.92918395996094,128.74583435058594,129.35243225097656,131.0528564453125,128.25857543945312,128.25857543945312,128.25857543945312,128.447509765625,128.63644409179688,125.30519104003906,124.44999694824219,124.77999877929688,124.77999877929688,124.77999877929688,124.77999877929688,123.79000091552734,119.98999786376953,120.9000015258789,123.43000030517578,123.43000030517578,123.43000030517578,123.12000274658203,124.94000244140625,126.30999755859375,125.7300033569336,125.5199966430664,125.5199966430664,125.5199966430664,125.62999725341797,130.32000732421875,129.11000061035156,23.747818580484097,23.747818580484097
CSGP,"CoStar Group, Inc.",66.93000030517578,66.93000030517578,66.93000030517578,66.93000030517578,66.76000213623047,67.86000061035156,65.98999786376953,65.8499984741211,67.13999938964844,67.13999938964844,67.13999938964844,67.87999725341797,67.4000015258789,68.20999908447266,68.1500015258789,68.8499984741211,68.8499984741211,68.8499984741211,68.7699966430664,68.0199966430664,67.75,68.36000061035156,68.36000061035156,68.36000061035156,68.36000061035156,68.81999969482422,68.80000305175781,68.58999633789062,69.7699966430664,69.22000122070312,69.22000122070312,69.22000122070312,69.69000244140625,69.86000061035156,69.69000244140625,69.01000213623047,70.0,70.0,70.0,70.26000213623047,68.5,71.91999816894531,77.16999816894531,76.94999694824219,76.94999694824219,76.94999694824219,76.11000061035156,74.75,73.69999694824219,74.33999633789062,74.5999984741211,74.5999984741211,74.5999984741211,74.30000305175781,74.0,75.44999694824219,74.97000122070312,75.37000274658203,75.37000274658203,75.37000274658203,75.9800033569336,75.87000274658203,76.0,78.02999877929688,78.5,78.5,78.5,79.8499984741211,78.5,78.66000366210938,77.5199966430664,78.48999786376953,78.48999786376953,78.48999786376953,78.48999786376953,78.6500015258789,79.4000015258789,79.7300033569336,81.87999725341797,81.87999725341797,81.87999725341797,82.0,82.30999755859375,79.6500015258789,80.94000244140625,80.13999938964844,80.13999938964844,80.13999938964844,80.7300033569336,81.95999908447266,82.80000305175781,23.711344201734278,23.711344201734278
UHS,"Universal Health Services, Inc.",119.098388671875,119.098388671875,119.098388671875,119.098388671875,123.10228729248047,125.68833923339844,122.05387878417969,121.61455535888672,122.44329071044922,122.44329071044922,122.44329071044922,123.45175170898438,123.50167846679688,123.93102264404297,124.80968475341797,126.90648651123047,126.90648651123047,126.90648651123047,127.49559020996094,128.16456604003906,128.50404357910156,127.88499450683594,127.88499450683594,127.88499450683594,127.88499450683594,129.15306091308594,132.3481903076172,133.8758544921875,136.01260375976562,135.77296447753906,135.77296447753906,135.77296447753906,136.03257751464844,136.5917205810547,136.951171875,135.87281799316406,139.75689697265625,139.75689697265625,139.75689697265625,140.48577880859375,140.50575256347656,142.5725860595703,145.59799194335938,150.12109375,150.12109375,150.12109375,147.96437072753906,143.72084045410156,142.3329620361328,140.87518310546875,142.58258056640625,142.58258056640625,142.58258056640625,142.97198486328125,142.92205810546875,141.31451416015625,139.81680297851562,139.31756591796875,139.31756591796875,139.31756591796875,137.84979248046875,134.20535278320312,134.1953582763672,135.6331787109375,134.42501831054688,134.42501831054688,134.42501831054688,135.0341033935547,126.73674774169922,127.22599792480469,127.40572357177734,127.78514862060547,127.78514862060547,127.78514862060547,127.78514862060547,131.16000366210938,132.1300048828125,131.13999938964844,135.4600067138672,135.4600067138672,135.4600067138672,134.7100067138672,136.02000427246094,137.49000549316406,137.88999938964844,136.3800048828125,136.3800048828125,136.3800048828125,136.22999572753906,140.97000122070312,146.19000244140625,22.74725466200108,22.74725466200108
VRSK,"Verisk Analytics, Inc.",180.07000732421875,180.07000732421875,180.07000732421875,180.07000732421875,185.5,186.10000610351562,182.94000244140625,181.82000732421875,186.69000244140625,186.69000244140625,186.69000244140625,185.24000549316406,187.69000244140625,190.25,190.9600067138672,191.86000061035156,191.86000061035156,191.86000061035156,191.5800018310547,190.58999633789062,191.4600067138672,190.4199981689453,190.4199981689453,190.4199981689453,190.4199981689453,190.25999450683594,191.4499969482422,192.1699981689453,194.61000061035156,191.86000061035156,191.86000061035156,191.86000061035156,192.1699981689453,193.13999938964844,192.82000732421875,194.55999755859375,196.7899932861328,196.7899932861328,196.7899932861328,195.8000030517578,192.7100067138672,190.22000122070312,192.10000610351562,194.11000061035156,194.11000061035156,194.11000061035156,192.57000732421875,188.97999572753906,203.97000122070312,205.75999450683594,210.8800048828125,210.8800048828125,210.8800048828125,210.1199951171875,211.39999389648438,214.47000122070312,215.3300018310547,215.00999450683594,215.00999450683594,215.00999450683594,214.99000549316406,218.11000061035156,219.1199951171875,220.6300048828125,222.1199951171875,222.1199951171875,222.1199951171875,218.25,215.75999450683594,216.66000366210938,218.67999267578125,217.07000732421875,217.07000732421875,217.07000732421875,217.07000732421875,218.63999938964844,219.11000061035156,219.97000122070312,221.3699951171875,221.3699951171875,221.3699951171875,223.1300048828125,221.32000732421875,218.49000549316406,219.91000366210938,219.36000061035156,219.36000061035156,219.36000061035156,219.1199951171875,217.13999938964844,220.27999877929688,22.330199266710437,22.330199266710437
IR,Ingersoll Rand Inc.,52.44243621826172,52.44243621826172,52.44243621826172,52.44243621826172,53.89195251464844,55.88128662109375,54.94159698486328,54.931602478027344,55.011573791503906,55.011573791503906,55.011573791503906,55.771324157714844,55.94126510620117,56.6810188293457,57.31080627441406,58.1605224609375,58.1605224609375,58.1605224609375,58.270484924316406,55.24149703979492,54.87162399291992,54.44176483154297,54.44176483154297,54.44176483154297,54.44176483154297,55.45143127441406,55.581382751464844,56.40110778808594,55.96125793457031,55.68135070800781,55.68135070800781,55.68135070800781,56.06122589111328,56.301143646240234,55.59138107299805,55.34146499633789,55.32147216796875,55.32147216796875,55.32147216796875,55.35145950317383,54.42177200317383,53.39211654663086,56.98091506958008,57.000911712646484,57.000911712646484,57.000911712646484,57.10087585449219,57.08088302612305,56.61104202270508,57.070884704589844,59.15018844604492,59.15018844604492,59.15018844604492,58.920265197753906,58.95025634765625,58.390445709228516,57.930599212646484,58.230499267578125,58.230499267578125,58.230499267578125,58.91027069091797,58.51040267944336,59.01023483276367,59.909934997558594,59.739990234375,59.739990234375,59.739990234375,59.720001220703125,58.0099983215332,56.90999984741211,57.58000183105469,58.88999938964844,58.88999938964844,58.88999938964844,58.88999938964844,58.439998626708984,56.65999984741211,58.150001525878906,61.36000061035156,61.36000061035156,61.36000061035156,60.68000030517578,61.4900016784668,62.689998626708984,62.7599983215332,62.459999084472656,62.459999084472656,62.459999084472656,62.83000183105469,64.0999984741211,64.12000274658203,22.267399019601424,22.267399019601424
MU,"Micron Technology, Inc.",56.54572677612305,56.54572677612305,56.54572677612305,56.54572677612305,57.52375030517578,58.51175308227539,58.052677154541016,61.216285705566406,61.036651611328125,61.036651611328125,61.036651611328125,59.66941452026367,59.160438537597656,63.41184997558594,62.9627571105957,60.21830368041992,60.21830368041992,60.21830368041992,59.489776611328125,57.15449523925781,56.904998779296875,58.560001373291016,58.560001373291016,58.560001373291016,58.560001373291016,63.27000045776367,63.56999969482422,61.959999084472656,63.0,62.630001068115234,62.630001068115234,62.630001068115234,62.540000915527344,61.93000030517578,60.650001525878906,61.459999084472656,61.130001068115234,61.130001068115234,61.130001068115234,59.5099983215332,58.13999938964844,61.02000045776367,61.900001525878906,64.36000061035156,64.36000061035156,64.36000061035156,62.349998474121094,61.900001525878906,60.90999984741211,60.5099983215332,61.22999954223633,61.22999954223633,61.22999954223633,60.869998931884766,60.93000030517578,59.9900016784668,61.61000061035156,60.91999816894531,60.91999816894531,60.91999816894531,64.63999938964844,63.72999954223633,64.91999816894531,67.56999969482422,68.16999816894531,68.16999816894531,68.16999816894531,66.2300033569336,66.01000213623047,66.52999877929688,69.61000061035156,73.93000030517578,73.93000030517578,73.93000030517578,73.93000030517578,71.69000244140625,68.19999694824219,69.08999633789062,69.16999816894531,69.16999816894531,69.16999816894531,67.7699966430664,67.54000091552734,67.05999755859375,65.31999969482422,65.43000030517578,65.43000030517578,65.43000030517578,67.44999694824219,67.87000274658203,69.12000274658203,22.237358483768908,22.237358483768908
